1.3235650206776897,0.9434370928173277,0.9264428367316511,0.947698432414909,1.0337711324190932,1.2484143738020843,0.9393572965604303,1.1524100603397773,1.2988393508639038,1.2989217684749224,
0.5875818461810782,0.5875818461810782,0.5875818461810782,6.669939030283558,0.6425428177393854,0.605634466820673,0.5889508384296545,0.5911668368941019,0.5905021500541365,0.6358966787992607,
0.5875818461810782,0.5875818461810782,0.5875818461810782,0.5875818461810782,8.479551961031603,0.6060497288339941,0.5985526671840118,0.5940687053585548,0.5932987852492893,0.8688843280833181,
0.5892325569914005,0.5892325569914005,0.5892325569914005,0.5892325569914005,8.64570247029694,0.5970236185712786,0.5993672857543291,0.5991781536530335,0.5949724768076848,0.83123480906466,
0.5924928328156086,0.5924928328156086,0.5924928328156086,7.51289447293827,0.5965106626708733,0.61958658327125,0.5952922428141804,0.5929112950521206,0.5924928328156086,0.5956516182480291,
0.5875818461810782,0.5875818461810782,0.5875818461810782,6.619257267400211,0.6420848507302073,0.60548404181093,0.5889394311843331,0.5943508805194939,0.5905021500541365,0.6358966787992607,
0.5881152426377085,0.5881152426377085,0.5881152426377085,6.8673647202255745,0.5890893130568039,0.6123396292560773,0.588403551191025,0.6411402138457433,0.5942455930514253,0.618928803359764,
1.5337034786738908,0.5905413025569085,0.5905101885288365,0.7881036069897702,0.5913890162654364,0.6106497205532353,0.59190210163901,0.6763717236198021,0.6751302112851532,1.124354635149241,
0.5895372757374313,0.5895372757374313,0.5895372757374313,0.5895372757374313,8.120759687151141,0.6241125010083952,0.600271174471919,0.5958840468220472,0.669996612623095,0.5984448377662153,
0.6260549629567493,0.6260549629567493,4.184090911709212,0.7335848204413856,0.6546699080581342,0.6573312295561613,0.6456016530777916,0.677401558033143,0.6260871514718547,0.6260549629567497,
1.817192470233082,0.5930781531593452,0.5931006859874307,0.5958960810053329,0.5932110470891776,0.6505007861574881,0.6306566951883928,0.6052734361304667,0.708023948663731,0.8284144859016853,
0.5875818461810782,0.5875818461810782,0.5875818461810782,6.205308604839423,0.6383443567110353,0.604255429622713,0.5985526671840118,0.5940687053585548,0.5932987852492893,0.8688843280833181,
0.5881152426377085,0.5881152426377085,0.5881152426377085,6.867468944104993,0.5890893292245638,0.6163274458671958,0.5884051805638446,0.64143988392437,0.594280238663646,0.6062499188190099,
0.5918604621815557,0.5918604621815557,0.5918604621815557,0.5918604621815557,0.5918604621815557,0.5918604621815557,11.544733180627766,0.5975797361363167,0.7560208864556264,0.7904611206134505,
0.6311702749089543,0.6311702749089543,0.6311702749089543,0.6311702749089543,6.072296264117818,0.7075795249387242,0.6680790082334515,0.6415537395545674,0.6645184881948051,4.092451551705656,
0.5888475920692072,0.5888475920692072,0.5888475920692072,6.609952843966506,0.5889198112516909,0.6118134163634407,0.5922562567502497,0.6422934116912145,0.5991802984428576,0.7397658210692502,
1.2128657471645428,0.6317556108963073,0.6313118204904018,0.6465796820376912,0.6434275630389962,0.6829018669279356,1.5380347547181357,0.648359957611984,0.6767652218115586,2.8730534204722584,
0.5881152426377085,0.5881152426377085,0.5881152426377085,0.5881152426377085,0.5881152426377085,0.5881152426377085,0.5881152426377085,15.874568301978531,0.5892926069881969,0.618928803359764,
0.5875818461810782,0.5875818461810782,0.5875818461810782,0.5875818461810782,0.5875818461810782,0.5875818461810782,0.5875818461810782,15.054199404721587,0.5932987852492893,0.8688843280833181,
0.5890698052112059,0.5890698052112059,0.5890698052112059,6.791937310891969,0.5900320268544799,0.6050161465796082,0.5925755047756873,0.6440370736592497,0.5894859447082784,0.7429852978420457,
0.9295876199435219,1.6254347798595066,0.944132716120744,0.9804239959997716,0.9888123458323554,1.0314308103979324,1.3963147917914538,1.1078911537196618,1.3002343967732868,1.2263069336143086,
0.699119695089868,2.821346445523938,0.7322908913159247,0.7396757448533415,0.6991631938061311,0.7829593263378708,0.6992026650514089,0.699119695089868,0.7692376800633627,1.56565687183408,
0.6789395225058357,0.6789395225058357,0.6789395225058357,5.965009074807226,0.6803814528782594,1.056589785660644,0.6791161651927824,0.6828431586142487,0.6872247441456935,0.7054166987593029,
0.6984646615039078,0.6984646615039078,3.5965074006971927,0.7204826389014497,0.6984646615039078,1.192982376034232,0.6988636450640582,0.7394305577642348,0.7029454169859453,1.7350961229138628,
0.554913370009826,0.554913370009826,5.924205167063247,0.5549238651745991,0.5578611731692296,0.5550334690040162,0.5673744698780133,0.5549148137878558,0.5646352020805347,0.5549152127294904,
0.554913370009826,0.554913370009826,5.919478550914798,0.554913370009826,0.5578535394180282,0.5550331579907661,0.5673422001059342,0.5549163147971699,0.5658247720338382,0.5549173437159138,
0.554913370009826,0.554913370009826,0.554913370009826,0.554913370009826,9.835386101420182,0.5549147947592404,0.5613795790082547,0.5549142166665451,0.5685555240367701,0.5549272733374815,
2.016891951914832,0.5599383971913588,0.5752392635884045,0.555014517815229,0.554913370009826,0.5549152664107565,0.6716619220869932,0.5549167514284218,0.5560092257840604,0.5549848335737797,
1.9813336452270716,0.5630259488829511,0.575079914104498,0.5550137248439126,0.554913370009826,0.554913370009826,0.6860261128691213,0.5549317076506977,0.5558208477825272,0.5549724777486446,
0.554913370009826,0.554913370009826,0.554913370009826,0.554913370009826,0.554913370009826,0.554913370009826,0.554913370009826,0.554913370009826,18.509198515055886,0.5549272733374815,
1.9640024887354492,0.5597566086252455,0.5745039411881191,0.5550108586281549,0.5549578291929557,0.554913370009826,0.7455121410323646,0.5549197247225787,0.554913370009826,0.5553536287993257,
0.554913370009826,0.554913370009826,5.939379105203573,0.554913370009826,0.5578644463599616,0.5550336023599065,0.5673883064723837,0.5549163257212426,0.5646478066793535,0.5549133700098263,
1.233629571387194,0.9244955670208872,0.9185286402800168,1.146820852021441,0.8978062966419974,0.93347648054499,1.0549816280687112,0.9792591587673963,1.4886797530972857,1.2365754285604464,
0.554913370009826,0.554913370009826,5.891938537197605,0.5549687661315814,0.5596663559757888,0.5549215241625629,0.5731215775241957,0.5549184684425451,0.5596325421490119,0.5549232788755092,
2.020914734615384,0.5599522240645196,0.5752951923510233,0.5549557685330705,0.554913370009826,0.554913370009826,0.6716868276463352,0.55491490894746,0.5560092257840604,0.5549848335737797,
0.554913370009826,0.554913370009826,0.554913370009826,0.554913370009826,9.751257561454388,0.5549298999040038,0.5609195165866864,0.554913370009826,0.5749097563081413,0.5549406809316682,
0.554913370009826,0.554913370009826,0.554913370009826,0.554913370009826,9.807474007156404,0.5549300009497975,0.5578855091753955,0.554913370009826,0.5802992128896364,0.5549133700098263,
0.554913370009826,0.554913370009826,0.554913370009826,0.554913370009826,0.554913370009826,0.554913370009826,14.113601431054283,0.5549178760268566,0.5609423050613103,0.5550173922688857,
2.073345110134802,0.5587910675427978,0.5703751109402779,0.5549380687078269,0.5696478432671271,0.5549298999040038,0.5609195165866864,0.554913370009826,0.5749097563081413,0.5549406809316682,
1.9481442282177959,0.568579473189692,0.575079914104498,0.5550137248439126,0.554913370009826,0.554913370009826,0.6860261128691213,0.5549317076506977,0.5558208477825272,0.5549724777486446,
2.0299095065254416,0.5599831403678767,0.5602451300196876,0.5550108586281549,0.5549578291929557,0.554913370009826,0.7455121410323646,0.5549197247225787,0.554913370009826,0.5553536287993257,
2.010064372950829,0.5633563093245589,0.5576432034866453,0.5549211104213506,0.5728063820673197,0.5549725667277231,0.554913370009826,0.5549193174846326,0.6392457503197453,0.5817718724487215,
2.02829299027222,0.5599775841728596,0.5727721855017273,0.5550146791789968,0.554913370009826,0.554913370009826,0.6717771241771499,0.5549167547650499,0.5558243525912319,0.5549848335737797,
0.554913370009826,0.554913370009826,5.857332797806389,0.554913370009826,0.5632763298386183,0.555033902549235,0.5674194531878687,0.5549163331008956,0.5628335880661093,0.5549138360899226,
2.155499237548867,0.5560122452185875,0.554913370009826,0.5594678594632965,0.5549483340207171,0.5573666320266905,0.5685204713468659,0.5551779315458998,0.5871604079518203,0.5606839098357417,
0.554913370009826,0.554913370009826,0.554913370009826,0.554913370009826,9.784180350974319,0.5549369687756723,0.5630606437378031,0.5549166629831611,0.5685593504884923,0.5549231663950032,
0.554913370009826,0.554913370009826,0.554913370009826,0.554913370009826,9.545856920415446,0.5550044777825485,0.5593775139842687,0.5549133701439088,0.5971216309442348,0.5549960362533959,
1.9905211885200993,0.5637232974716951,0.5751812294023486,0.5550146456660162,0.554913370009826,0.554913370009826,0.6717384657540495,0.554913370009826,0.5560092257840604,0.5549848335737797,
0.554913370009826,0.554913370009826,0.554913370009826,0.554913370009826,0.554913370009826,10.847134657746489,0.5682658650855389,0.5552165782567767,0.5972036615374146,0.5723039631352173,
1.882276968123541,0.5602730569720457,0.677835721388445,0.554913370009826,0.5578660781474422,0.554941232395106,0.5673650346454489,0.5549610480885854,0.5646478066793535,0.5549133700098263,
0.554913370009826,0.554913370009826,6.048476053758655,0.5549703909264916,0.559805763341513,0.5549259575076918,0.5592918118456338,0.5549184775368994,0.5587554148640316,0.5549313929578801,
2.130078730794588,0.5582186131451086,0.5765343124913868,0.554913370009826,0.557889976542132,0.5549229928756005,0.5674541336935545,0.5549167090137104,0.5611033660358308,0.5549164755269753,
2.0177807948432296,0.5599414522702298,0.5752516211748933,0.5550145793103239,0.554913370009826,0.554913370009826,0.6716619220869932,0.5549167514284218,0.5560092257840604,0.5549848335737797,
0.554913370009826,0.554913370009826,0.554913370009826,0.554913370009826,0.554913370009826,0.554913370009826,0.554913370009826,0.554913370009826,17.01393551798132,1.0161917776524427,
0.554913370009826,0.554913370009826,0.554913370009826,0.554913370009826,0.554913370009826,0.554913370009826,0.554913370009826,0.554913370009826,18.497659229545622,0.5549406809316682,
0.554913370009826,0.554913370009826,5.9215099787708025,0.554913370009826,0.5578546527873015,0.5550332033515052,0.567346906595803,0.5549163159122878,0.5658289039113105,0.5549152127294904,
0.554913370009826,3.372598891981503,0.5806976862598037,0.5549997173509701,0.554913370009826,0.554913370009826,0.7462167820433426,0.5549166392581419,0.5731262725800277,0.5549399661851272,
2.0240041938121647,0.5599628429727801,0.5735186592147945,0.5550145793103239,0.554913370009826,0.554913370009826,0.6716619220869932,0.5549167514284218,0.5560092257840604,0.5549848335737797,
0.554913370009826,0.554913370009826,0.554913370009826,0.554913370009826,9.823629418020705,0.5549300299882096,0.5613793033050761,0.5549166629831611,0.5685593504884923,0.5549231663950032,
0.554913370009826,0.554913370009826,0.554913370009826,0.554913370009826,0.554913370009826,10.515693663791195,0.5572639269217511,0.5553486490672924,0.6775490623565399,0.5811452795116282,
0.554913370009826,0.554913370009826,5.926527111914849,0.5549238697132226,0.5578624479437488,0.5550335209407058,0.5673798586681514,0.554913370009826,0.5646352020805347,0.5549152127294904,
2.0049991673789407,0.5598975200086856,0.5750739181614458,0.5550136950062832,0.554913370009826,0.554913370009826,0.685987130258323,0.554916751798007,0.5558197885276362,0.5550380352734762,
0.554913370009826,3.296460007663113,0.6516790341027032,0.5550067073454064,0.555840086198153,0.554913370009826,0.6110189712487265,0.5549137986253272,0.5731838756197657,0.5549133700098263,
0.554913370009826,0.554913370009826,5.867994749492455,0.554913370009826,0.5632931458364587,0.5550341449125805,0.5674446000583571,0.5549163390589935,0.5615937265873042,0.5549152127294904,
0.554913370009826,0.554913370009826,0.554913370009826,0.554913370009826,0.554913370009826,0.554913370009826,0.554913370009826,0.554913370009826,18.039880340892992,0.5744823676707246,
1.9900829836472962,0.557959342605056,0.6334727127636596,0.554913370009826,0.5578886511218507,0.5549229885907407,0.5674485495552585,0.5549157816980014,0.5611000017479354,0.5549210473885453,
0.554913370009826,0.554913370009826,0.554913370009826,0.554913370009826,0.554913370009826,10.026898998882997,0.5571485805689328,0.5553272890859695,0.6715310928422619,0.9266295178004158,
2.1557696472958883,0.559486879352715,0.5770553251174397,0.554913370009826,0.5557913645585544,0.5549231083843251,0.5614113074622129,0.5549167071944759,0.5610999934569836,0.5549210621803926,
0.554913370009826,0.554913370009826,5.8971859792609305,0.5549688205978675,0.5596710291818733,0.5549215321798465,0.5731394801030697,0.5549184734553995,0.5587523446295859,0.5549518557019004,
0.554913370009826,0.554913370009826,6.259039122975678,0.5551477604463815,0.554913370009826,0.554913370009826,0.5631021316613216,0.5549143895303108,0.5549459851105428,0.555054543689317,
0.554913370009826,0.554913370009826,5.932407049937341,0.554913370009826,0.5578606251698157,0.5550334466774988,0.5673721533476844,0.5549163218940507,0.5646352020805347,0.5549152127294904,
0.554913370009826,0.554913370009826,5.901458481949165,0.5549688649446847,0.559674834137758,0.5549215387075728,0.5731540565034269,0.5549184775368994,0.5587554148640316,0.5549313929578801,
0.554913370009826,0.554913370009826,0.554913370009826,0.554913370009826,9.882126755723661,0.554915961136279,0.5767241848643384,0.5549167681999794,0.554913370009826,0.5558966847467716,
0.554913370009826,0.554913370009826,6.208943660764948,0.5551457019543766,0.554913370009826,0.554913370009826,0.5673632489322925,0.5549191415143131,0.5549459851105428,0.555054543689317,
0.554913370009826,0.554913370009826,6.095013807557324,0.5551410204187327,0.554913370009826,0.554913370009826,0.5813116927753256,0.5549191415143131,0.5549459851105428,0.555054543689317,
2.010200905639633,0.5633571015015933,0.5576434596191729,0.5549201986273754,0.5728063820673197,0.5549725667277231,0.554913370009826,0.5549193174846326,0.6392457503197453,0.5817718724487215,
1.458033937021715,0.5550015101160518,0.5586705463721495,0.554913370009826,0.5610298918051414,1.2504139494539324,0.6350447929427671,0.5592788310785445,0.5853768058966448,0.5565705305128729,
0.554913370009826,0.554913370009826,0.554913370009826,0.554913370009826,9.824024630028058,0.5549300306985803,0.5613795790082547,0.5549142166665451,0.5685555240367701,0.5549272733374815,
2.124226757671646,0.5603073221011546,0.5767315397859447,0.5549587564410744,0.554913370009826,0.554913370009826,0.5873722739852729,0.55491490894746,0.5560092257840604,0.5549848335737797,
0.554913370009826,3.0897917209496466,0.644384467694056,0.5549996712195328,0.554913370009826,0.554913370009826,0.746114577375115,0.554916637511532,0.5731165422587289,0.554955845951836,
1.4965630933090512,0.554913370009826,0.5557007249929753,0.5748544045594298,0.5566282156819847,0.9970584840452994,0.5596391333790462,0.5553362491849139,0.7753912757470142,0.5811452795116282,
0.554913370009826,0.554913370009826,0.554913370009826,0.554913370009826,9.851617989248483,0.554913370009826,0.5613876129207762,0.5549142177184698,0.5685724736701773,0.5549152366454431,
0.554913370009826,0.554913370009826,5.882358717506703,0.554913370009826,0.5599606709907198,0.5550332928929933,0.5673561971434299,0.5549163181135157,0.5658370601818038,0.5549135101544697,
1.1588151060344956,0.9185918561858429,1.0170328244774656,0.9794238259719453,0.9129559971239429,1.0336099210548886,1.0342791881641036,1.433171368167029,1.16538461155666,2.747547374537703,
0.6482571906402307,0.6482571906402307,0.6482571906402307,0.6482571906402307,0.6482571906402307,0.6482571906402307,0.6482571906402307,0.6482571906402307,16.87696043714229,1.316983124609795,
1.6504188459466973,0.6482571906402307,0.668694581031771,1.0208020633165382,0.6483133703287624,0.6644793978972707,0.7251189860301217,0.6482571906402307,0.6482571906402307,0.64836606996814,
0.6511323342579742,0.6511323342579742,0.6511323342579742,0.6511323342579742,0.6511323342579742,9.705703828504813,0.9732518753544942,0.6511323342579742,0.6515207741158654,0.6728460858738832,
0.6848079533130363,0.6848079533130363,4.102872249196793,0.6942705038799272,0.6848080013586121,0.7843425100393643,0.7999930145199353,0.6850618614886327,0.6848079533130363,2.820551919620404,
1.8138522182285617,0.6482571906402307,0.6482571906402307,0.682330331923484,0.648257469136322,0.6523563841573566,0.7280275087612131,0.6563607462551384,0.66397424862944,2.748023175470547,
0.7359495452233998,2.9711130080331194,0.735955481325878,0.7903453937636841,0.7359495470507474,0.7361151958182077,0.7933475778596455,0.7433734331460227,0.8832958725252005,1.7907749780121236,
0.6482571906402307,0.6482571906402307,0.6482571906402307,0.6482571906402307,0.6482571906402307,0.6482571906402307,0.6482571906402307,0.6482571906402307,16.343083244541802,1.9380520870658282,
0.6878705523087715,0.6878705523087715,0.6878705523087715,5.92017844335207,0.6878705523087715,0.6892890291943973,0.7082880916121413,1.2726520405334139,0.6926940717274416,0.6878705523087718,
1.5238761978845976,0.7314875644807608,0.7396248381009412,0.7655211092428074,0.7314967052489787,0.7329994332700881,0.7792856498992308,1.672868256160989,0.812414653524375,0.7371011270221252,
0.6016295298557319,0.6016295298557319,0.6016295298557319,6.877481939909547,0.7434325495555946,0.6016295298557319,0.6016296950159096,0.602415147074272,0.6043057312231065,0.6152184880892299,
0.7219702258315401,3.071756341484111,0.7477813120057616,0.8555170237097227,0.7900356242129718,0.724209659831271,0.722136587605946,0.7219702258315401,0.7219704745715683,0.7569887977115675,
0.6016295298557319,0.6016295298557319,4.904325672358774,0.6058028504749188,0.6093132918155421,0.6029758122799455,0.6016521949459526,0.6105086580383859,0.7373956086059026,0.7427396163130667,
0.6016295298557319,0.6016295298557319,0.6016295298557319,0.6016295298557319,0.6016295298557319,0.6016295298557319,0.6016295298557319,13.031873098297789,0.7295112950275899,1.5112491443035854,
0.6016295298557319,0.6016295298557319,0.6016295298557319,6.428405319752131,0.8822129123977422,0.6029859574435457,0.6016296994746533,0.6022849759051256,0.6043752202780133,0.6016295298557323,
0.6016295298557319,0.6016295298557319,5.1923070309195545,0.6016295298557319,0.602210286577738,0.6035436200218387,0.6016408611408968,0.6149440252786177,0.741220786466579,0.7034478565211348,
0.6224022776990487,0.6224022776990487,3.1529420615014345,0.6245310784222878,0.6548888082194384,0.6224405368162951,0.622520510561716,0.6551849474819077,1.475638120209051,3.2135510105260114,
0.5502872954105512,0.5502872954105512,0.5502872954105512,0.5502872954105512,9.416901187188243,0.5502872954105512,0.5502872954105512,0.6491377773626388,0.5502908514306144,0.5502927765325485,
2.075135730774945,0.5503684466313454,0.5628307191842697,0.5680738148006617,0.5861983747258217,0.5509871023850188,0.5518804191745058,0.5502872954105512,0.5502872954105512,0.5502883215825815,
2.0469300716944376,0.5502872954105512,0.5625092131168453,0.5676179206201378,0.615809035877882,0.5505803331765836,0.5508129122745893,0.5504094068198102,0.5502872954105512,0.5502874419954191,
2.0293498419490987,0.5502872954722354,0.5623657270529703,0.5674144580166761,0.6237200678985115,0.5509892633237367,0.5508817038136484,0.5504094748584772,0.5502872954105512,0.5502872954105515,
1.1909562472810735,0.919835928733556,0.9281419319825063,0.9519164144369325,1.0736683162510838,1.0804996076832434,0.9178478688605943,1.7629965917813375,1.5003023098277666,1.1125228107295895,
0.5502872954105512,0.5502872954105512,0.5502872954105512,0.5502872954105512,9.415248106531296,0.5502874803295555,0.5502872954105512,0.6491377773626388,0.5502908514306144,0.5502927765325485,
2.082752101896588,0.550368851968558,0.5628933715557324,0.5681626555860773,0.5863777447544098,0.5509905978075851,0.5508828338203031,0.5502872954105512,0.5502872954105512,0.5502942327599264,
2.16795535368631,0.5549747306442128,0.5505311235860645,0.5502872954105512,0.6008851839117564,0.5505643700083781,0.550936051058929,0.5538885101085264,0.5502957431735648,0.5502890608109515,
2.0448844774588655,0.5502872954728832,0.5624925871600926,0.5631760213717143,0.6237509500163853,0.5509895585360118,0.5508819537918224,0.5503846852687558,0.5502872954105512,0.5502872954105515,
2.034294229162141,0.5502872954105512,0.5624060260170065,0.567471601769304,0.6239650719474796,0.5505801711076962,0.5508813728025322,0.5504094068198102,0.5502872954105512,0.5502874419954191,
2.044807810571369,0.5502872954105512,0.562491882260606,0.5675933455427021,0.6244870488224217,0.5502872954105512,0.5508813728025322,0.5504094068198102,0.5502872954105512,0.5502874419954191,
0.5502872954105512,3.758046139446694,0.5505163816716372,0.5502872954105512,0.5978260225128802,0.5505476180066763,0.5508968271249742,0.5991388958224887,0.5503022730425104,0.5503174288707038,
1.9933075044744895,0.550287347325911,0.5892910570481155,0.5680360785870341,0.5861221851054178,0.5511295502900688,0.5508792529747708,0.5502872954105512,0.5502872954105512,0.550723801700586,
1.9080968246605612,0.5506439548779463,0.5504880120808451,0.5825916808232999,0.6174936372719404,0.5503127280950384,0.5502872954105512,0.6491377773626388,0.5502908514306144,0.5502927765325485,
2.0157945391703747,0.550365288540331,0.5623425777426218,0.5673816323970677,0.6235793279340524,0.5509879179443399,0.5508805645809232,0.5504032150246279,0.5502872954105512,0.5502942327599264,
1.842252750315402,0.5504052843780772,0.5517965235048373,0.5813736143420363,0.6587309967190454,0.5503127280950384,0.5502872954105512,0.6491377773626388,0.5502908514306144,0.5502927765325485,
0.5502872954105512,3.829395128983629,0.5504617858469261,0.5543595248600516,0.5658630167763341,0.5502911777373096,0.5502968236938225,0.6044878619906155,0.5503347832298163,0.5503609873659823,
0.5502872954105512,0.5502872954105512,0.5502872954105512,7.24060370049828,0.6124505734265515,0.5626162899621026,0.5504355439745127,0.5503632563651037,0.5503185479289874,0.5502879511536802,
0.5502872954105512,0.5502872954105512,0.5502872954105512,0.5502872954105512,0.5502872954105512,12.112428549566449,0.5503057308518692,0.5579269626246985,0.5503306246863612,0.5502928091698406,
1.9056709425298126,0.5502872954105512,0.5767409348257414,0.5666246724478939,0.6784290364874228,0.5509881963380299,0.550880800317551,0.5504767607193143,0.5502872954105512,0.5502874419954191,
2.0731020995926275,0.5502872954740601,0.5627230200250529,0.5567967304341728,0.6237509500163853,0.5509895585360118,0.5508819537918224,0.5503846852687558,0.5502872954105512,0.5502872954105515,
0.5502872954105512,0.5502872954105512,5.537723811711054,0.5671764250863134,0.5829324811724002,0.5511305195375097,0.5508799341858487,0.5502872954105512,0.5502872954105512,0.5505626855731187,
1.9933763001839289,0.5506663554662944,0.5505006184236367,0.5846206112334625,0.5707278906505067,0.5503127279094063,0.5502872954105512,0.6491370558571923,0.5502908514046592,0.5502928411118821,
0.5502872954105512,0.5502872954105512,0.5502872954105512,6.311036154879699,0.5681370964704608,0.5502872954105512,0.5502872954105512,0.9613117948974983,0.5502908514046592,0.5502928411118821,
0.5502872954105512,0.5502872954105512,4.862321356771755,0.5589658398657156,0.5766651572253954,0.5948244348239607,0.5502872954105512,0.6194121057950809,0.5502872954105512,0.5502872954105515,
1.820749145087925,0.5510467093266636,0.5502872954105512,0.5804650118459165,0.5793071202578559,0.5505260942351843,0.5502872954105512,0.8721201212274358,0.5502908514306144,0.5502927765325485,
1.9566583004563927,0.5512530344710795,0.5504972790266821,0.5655195322673887,0.5627151712497842,0.5507681855669683,0.5502872954105512,0.7379437258473887,0.5502989192407474,0.5510974994139016,
0.5502872954105512,0.5502872954105512,5.51056262789296,0.5670844482252242,0.5861221851054178,0.5511295502900688,0.5508792529747708,0.5502872954105512,0.5502872954105512,0.550723801700586,
0.5502872954105512,3.8103123653356907,0.5505243766294323,0.5596754106548469,0.6129524175169833,0.5502872954105512,0.5502888056419605,0.5529742645164466,0.5502908515343764,0.550292523369948,
0.5502872954105512,0.5502872954105512,0.5502872954105512,0.5502872954105512,9.346516229332899,0.5505523250431783,0.5502921366526359,0.6491377773626388,0.5502908514306144,0.5502927765325485,
1.9923593093968983,0.5503555148034811,0.5895269970107845,0.5681434438016766,0.5863389560572921,0.5511346452239031,0.5508828338203031,0.5502872954105512,0.5502872954105512,0.5502942327599264,
1.8691423802784923,0.5506337226096591,0.5504822536838084,0.5816648944385019,0.6510297369763177,0.5502872954105512,0.5502872954105512,0.6491666186749826,0.5502908524681439,0.5502905862602558,
0.5717783694900656,0.5717783694900656,0.5717783694900656,0.5717783694900656,8.173229034554844,0.5770498563101683,0.5726483404018681,0.8550544477855426,0.5717840142238972,0.5760788559397396,
2.0351154354109187,0.5502872954105512,0.5624127321698383,0.5674811110643361,0.6240058430848053,0.5505803331765836,0.5508129122745893,0.5504094068198102,0.5502872954105512,0.5502874419954191,
0.5502872954105512,0.5502872954105512,0.5502872954105512,0.5502872954105512,0.5502872954105512,12.104607950580473,0.5503057183821899,0.5579217951758364,0.5503305953785641,0.5503012202834628,
1.9538061589654006,0.5502872954105512,0.5611133526184177,0.6311388049795658,0.5615718758712295,0.5508957379836831,0.5509136722193366,0.567797407428917,0.5502872954105512,0.5502879587651792,
0.5502872954105512,0.5502872954105512,0.5502872954105512,6.738577141840123,0.617290576199581,0.5503126512512757,0.5502872954105512,0.6488391048815532,0.5504068912639501,0.5502927765325485,
0.5502872954105512,3.46720621436179,0.5582718958550359,0.5934760772708719,0.5502872954105512,0.5715969530867436,0.5518290988841397,0.5515052288334903,0.5671851717577824,0.5502894231793399,
0.5502872954105512,0.5502872954105512,0.5502872954105512,7.3346411758085095,0.6229831195975086,0.5509822185936597,0.5528514909237631,0.5504094748584772,0.5502872954105512,0.5502872954105515,
1.9370786360153907,0.5502872954683872,0.5773541078666835,0.5670033590626836,0.6493179940595832,0.5509881963380299,0.550880800317551,0.5504767607193143,0.5502872954105512,0.5502874419954191,
0.5502872954105512,0.5502872954105512,5.295822861223257,0.5673027430726671,0.6232410896663566,0.550984684614004,0.552005075525238,0.5504094748584772,0.5502872954105512,0.5502872954105515,
1.991757851113026,0.5503640093269124,0.5895269970107845,0.5681434438016766,0.5863389560572921,0.5511346452239031,0.5508828338203031,0.5502872954105512,0.5502872954105512,0.5502942327599264,
0.5502872954105512,0.5502872954105512,0.5502872954105512,7.394146297010507,0.6236207298851475,0.5514961293728925,0.5505509023898429,0.5504164669997583,0.5502872954105512,0.5502879511536802,
0.5502872954105512,0.5502872954105512,4.791138085180006,0.5654931607244712,0.8124100019708098,0.5502872954105512,0.5508814264169701,0.5504094178401497,0.5502872954105512,0.5502873816817735,
1.8181754609899703,0.551045170916423,0.5502872954105512,0.5804038782440519,0.5805808250859151,0.5505260942351843,0.5502872954105512,0.8721201212274358,0.5502908514306144,0.5502927765325485,
0.5502872954105512,3.380298552785006,0.5912185422145662,0.555330533141178,0.569086433872969,0.5507410046800679,0.5563617667376799,0.5502872954105512,0.5589920496951521,0.5707109320252557,
2.093060312125783,0.5512094823291066,0.5502872954105512,0.5869333124746514,0.5855272380625823,0.5505772784455875,0.5502872954105512,0.5566768624376073,0.5502908514306144,0.5502927765325485,
1.8928763001489672,0.5504099075824784,0.5518556601352722,0.5825916808232999,0.6174936372719404,0.5503127280950384,0.5502872954105512,0.6491377773626388,0.5502908514306144,0.5502927765325485,
0.746678315337275,0.746678315337275,0.746678315337275,0.746678315337275,7.683370476213983,0.7466784158214541,0.7486185488528967,0.8178153658617195,1.0676686841499519,0.7563578049982226,
1.3404315831101736,0.7354186142114113,0.7317526593225203,0.7317529310857459,1.454603529656504,0.7317527490493225,0.733485180306809,0.7952741023868185,1.018379266504049,2.001653922875466,
0.7317526593225203,0.7317526593225203,0.7317526593225203,0.7317526593225203,0.7317526593225203,0.7317526593225203,0.7317526593225203,0.7317526593225203,17.93552283047696,0.8024689099770227,
0.8769307658993925,0.8769307658993925,0.8769307658993925,0.8769307658993925,0.8769307658993925,6.930625540846964,1.4778724481504337,1.1034677717695236,0.9066156283153897,0.8942431589500217,
0.5608804284345451,0.5608804284345451,5.729746016119091,0.5610094192252273,0.5608858794086699,0.5609042213317069,0.5615543190510341,0.5997336038758336,0.5756940211653572,0.5628066599323244,
1.465003886805562,0.7959501868269656,0.6215454010864103,0.6175091796788804,0.6199547432344974,0.617767266525306,0.6520278697903997,0.6850738623083805,0.6989460370626732,0.6762873774055629,
0.5608804284345451,0.5608804284345451,0.5608804284345451,0.5608804284345451,0.5608804284345451,0.5608804284345451,0.5608804284345451,0.5608804284345451,18.47048280582816,0.5609878913882557,
2.1168156450621947,0.5639915227355183,0.5779429410222555,0.560892512267743,0.5608804284345451,0.5609765698413355,0.5618510595332863,0.6007149203477307,0.5625338952675829,0.5644040205764929,
2.114783852272279,0.5639874601634383,0.5779206602166775,0.560915593269588,0.5608804284345451,0.5609765698413355,0.5618510595332863,0.6007149203477307,0.5625338952675829,0.5644040205764929,
1.179175975630551,0.7454714979751536,0.6302391138464233,0.6297987257130985,0.6302750481390126,0.6298151431491901,0.6553767055627643,0.6784876640633716,1.2043748932233544,4.306525184999961,
0.5608804284345451,3.595855958064658,0.5651448120381656,0.5609598368342906,0.5608804284345451,0.5608932727500425,0.5615271522617107,0.8215790564548935,0.5610851952428405,0.5619082924780975,
0.5608804284345451,0.5608804284345451,0.5608804284345451,0.5608804284345451,0.5608804284345451,0.5608804284345451,0.5608804284345451,16.18301248186092,0.5608804284345451,0.571940386190131,
0.5608804284345451,0.5608804284345451,5.784311118706123,0.5608923233498891,0.5608804284345451,0.560975066772902,0.5618358847504968,0.6000921505198377,0.5625080450758123,0.5868555368770023,
0.5608804284345451,0.5608804284345451,4.557352023567515,0.560922985025281,0.5622746602007157,0.561243180070764,0.5608804284345451,0.5664961703964959,1.2028046928029221,0.5787534808591694,
0.5608804284345451,0.5608804284345451,0.5608804284345451,0.5608804284345451,0.5608804284345451,0.5608804284345451,0.5608804284345451,0.5608804284345451,18.46317948746514,0.5610160872676824,
0.5608804284345451,0.5608804284345451,0.5608804284345451,0.5608804284345451,0.5608804284345451,0.5608804284345451,13.742238716943529,0.5647429139656206,0.569852728130892,0.5610160872676824,
0.5608804284345451,3.6261631798213783,0.5638018261034536,0.5608804284345451,0.5611566654747665,0.5608838541277974,0.563059384517957,0.5645847294005615,0.7867302038419683,0.5610160872676824,
2.1177694532313542,0.5639934298760776,0.5779534005604925,0.5608858306200024,0.5608804284345451,0.5609765698413355,0.5618510595332863,0.6007149203477307,0.5625338952675829,0.5644040205764929,
0.5608804284345451,3.622318937421626,0.5637981623106827,0.5608804284345451,0.5611563190394688,0.5608838498315558,0.5630566518384483,0.5656928132230483,0.7872023379095088,0.5609122962298114,
1.7492555990462706,0.5608804284345451,0.5801851539077015,0.5610055042088959,0.5608804309896703,0.5614010708940009,0.5768971145313965,0.6469183115790617,0.7960586995072907,0.6036538181320944,
0.6935860126715143,0.6935860126715143,4.201213329899022,0.69378436866496,0.6936384455900922,0.6937929499140743,1.1859279260031004,0.7348523330873534,0.7019993216490228,0.9083382798976911,
0.5608804284345451,0.5608804284345451,0.5608804284345451,0.5608804284345451,0.5608804284345451,0.5608804284345451,0.5608804284345451,16.17109847652997,0.5608855393402157,0.571940386190131,
0.5608804284345451,0.5608804284345451,5.647983671117828,0.5609297131661185,0.5608804381280816,0.5609727823827495,0.5617418677828175,0.5991271248107293,0.5649786262158007,0.6473917483714057,
2.110303972494398,0.5638396998412123,0.5843797959060711,0.5609107647426131,0.5609552235633479,0.5609410347416705,0.5618645063674848,0.6012667755364159,0.5608804284345451,0.5644040205764929,
1.9079477748841334,0.6496580197422364,0.5630357539477897,0.5609065434605337,0.5608824763097545,0.5608948975986621,0.5608804284345451,0.6006038073850994,0.565118698011152,0.5619082924780975,
0.5988854666461999,0.5988854666461999,0.5988854666461999,0.5988854666461999,0.5988854666461999,0.5988854666461999,7.465600797854232,0.6213440395373203,0.8352217314612004,4.628143244089162,
0.5608804284345451,0.5608804284345451,6.042346099906464,0.5608804284345451,0.5609543960132956,0.5608804290895827,0.561881014652281,0.5807236743820574,0.5608804284345451,0.569795884794659,
0.5608804284345451,0.5608804284345451,5.653427943609574,0.5608804284345451,0.5630140213340933,0.5614136689900465,0.5628337687988794,0.5608804284345451,0.6502741953056462,0.56135863282897,
0.6002352656887963,0.6002352656887963,0.6002352656887963,0.6002352656887963,0.6002352656887963,0.6002352656887963,0.6002352656887963,0.6002352656887963,12.479885326550225,4.629493043131758,
0.5608804284345451,0.5608804284345451,5.883162252436626,0.5609524128480001,0.5608860321461644,0.5609048880139209,0.5616335576727598,0.5864516007085607,0.5758915044518388,0.5608804284345454,
0.8921808354743346,0.8921808354743346,0.8921808354743346,0.8921808354743346,5.306357484950721,0.893100741582051,0.9816461364856882,1.1656228348395494,0.9536194567356302,4.656383683757357,
0.5608804284345451,0.5608804284345451,5.694529268495067,0.5609081910889305,0.5608804284345451,0.5609735331551545,0.5617853898858878,0.5994476713197523,0.5624812937622963,0.6473917483714057,
0.5608804284345451,0.5608804284345451,6.037560498627507,0.5608804284345451,0.5609692089802389,0.5608804290892638,0.5618805275335476,0.5807140140282947,0.5608825146344247,0.569795884794659,
0.5608804284345451,0.5608804284345451,5.689583003735758,0.5609301161876111,0.5608804284345451,0.5609735331551545,0.5617853898858878,0.5994476713197523,0.5624812937622963,0.6473917483714057,
0.5736168274511108,0.5736168274511108,0.5736168274511108,0.5736168274511108,0.5736168274511108,0.5736168274511108,8.06398871993498,0.7236362908649524,0.5768566866906931,4.6028746048940725,
0.5608804284345451,3.340440309442207,0.5783208704397972,0.5608991993533827,0.561888332028088,0.5613569972548006,0.5626261717081654,0.5608804284345451,0.8960348569554479,0.5620940177804185,
0.5608804284345451,0.5608804284345451,3.6861114741536647,0.5608973296118753,0.5608804284345451,0.5609713380410851,0.6692868209957468,0.5773752934450659,0.5608804284345451,4.590138205877507,
2.0882093761285025,0.5848176024592224,0.5608804284345451,0.5608814952003857,0.5610981757180724,0.5608804284345451,0.5698016594544023,0.5685386112044682,0.5886482986122982,0.5614843411320498,
0.5608804284345451,0.5608804284345451,5.298310529353858,0.5609641661176062,0.5608804284345451,0.560966545189583,0.5617174680939084,0.7180289795712526,0.5624863791429453,0.6322445640569581,
0.507089883286342,3.807613991664788,0.507294767194544,0.511308017170589,0.507089883286342,0.5798626395714376,0.5127680815205641,0.5070907617874716,0.507089883286342,0.5070898832863423,
0.507089883286342,0.507089883286342,0.507089883286342,0.507089883286342,0.507089883286342,11.313073587685434,0.5765659149101432,0.507089883286342,0.507089883286342,0.5070898832863423,
2.053799941829606,0.507702898216773,0.5079894985350436,0.5071039197848135,0.507089883286342,0.5666068372233497,0.5765659149101432,0.507089883286342,0.507089883286342,0.5070898832863423,
0.507089883286342,0.507089883286342,0.507089883286342,0.507089883286342,0.507089883286342,0.507089883286342,14.212152551398267,0.507089883286342,0.507089883286342,0.5149578780113596,
0.507089883286342,3.985148029630313,0.5071542847990965,0.542438902110715,0.507089883286342,0.5114521493563666,0.507089883286342,0.5070907559344865,0.5074893839607737,0.5070898832863423,
1.997557454271338,0.5077954935814114,0.5081137304112681,0.507636840072194,0.507089883286342,0.5652913824459868,0.5750303427468151,0.507089883286342,0.5070997362377068,0.5149578780113596,
2.053052099808163,0.507684537046319,0.5079887977946591,0.5076550437690521,0.507089883286342,0.5564390070748183,0.5765659149101432,0.507089883286342,0.507089883286342,0.5070898832863423,
1.3881505883434093,0.5493079401934083,0.5268760346772854,0.5203545743467738,0.5195505100384012,0.5207877007191256,1.5306762426146445,0.5220760714675315,0.5206788880887452,0.536224810151933,
0.507089883286342,3.6648452198034596,0.5071483539075977,0.5391835252372804,0.507089883286342,0.5548682216636944,0.5127302507102043,0.5070907559344865,0.5074893839607737,0.5070898832863423,
2.200959210929535,0.5093692160880949,0.5071025634709911,0.5427081522686935,0.507089883286342,0.5093895228671889,0.507089883286342,0.5070907559344865,0.5074893839607737,0.5070898832863423,
0.507089883286342,0.507089883286342,0.507089883286342,0.507089883286342,0.507089883286342,11.198114855624754,0.5758267988127509,0.507089883286342,0.507089883286342,0.5081096322684455,
0.507089883286342,4.037180391074488,0.5076542263208083,0.5111666454817493,0.507089883286342,0.5375371381611103,0.507089883286342,0.5070964584461948,0.5071183231215208,0.5070898832863423,
0.507089883286342,3.296814456266982,0.5073677080299711,0.5075583644118453,0.507089883286342,0.6055315653773279,0.7081045623651693,0.507089883286342,0.507089883286342,0.5070898832863423,
0.507089883286342,3.703127053858812,0.5072882810452324,0.5111307342153858,0.507089883286342,0.6221566516547514,0.5127699637850718,0.507089883286342,0.507089883286342,0.5070898832863423,
2.0564703376564024,0.5077039565874113,0.5079910517213002,0.5070903093749375,0.507089883286342,0.5666068372233497,0.5765659149101432,0.507089883286342,0.507089883286342,0.5070898832863423,
2.035363753447559,0.5077466629690176,0.5079795065720548,0.5076492022437419,0.507089883286342,0.5666068372233497,0.5765659149101432,0.507089883286342,0.507089883286342,0.5070898832863423,
1.9006909445329374,0.5100592958438959,0.5079219939609395,0.507089883286342,0.5071432342358579,0.662448930445966,0.5764432497213935,0.507089883286342,0.507089883286342,0.5070945547335154,
0.507089883286342,0.507089883286342,0.507089883286342,0.507089883286342,0.507089883286342,10.524641325396546,0.6730081010033317,0.5070900990414675,0.5077483010113857,0.5071436957002029,
0.5207733055178565,0.5207733055178565,5.801321901311269,0.5226438436860722,0.5245214124080245,0.520777044990608,0.5207760426122777,0.5210563432304822,0.5213965224269153,0.6746321306121382,
2.165590047621272,0.507089883286342,0.507323131081653,0.5080882646062138,0.507089883286342,0.5587027081190337,0.5308161461747356,0.507089883286342,0.507089883286342,0.5070898832863423,
2.0312446052050057,0.5078114415973045,0.5081368711312018,0.5076492022437419,0.507089883286342,0.5666068372233497,0.5765659149101432,0.507089883286342,0.507089883286342,0.5070898832863423,
0.507089883286342,4.017291136086102,0.5084079864055747,0.5433919640585877,0.5070932546728676,0.507089883286342,0.507089883286342,0.5070907559344865,0.5074893839607737,0.5070898832863423,
0.507089883286342,0.507089883286342,0.507089883286342,0.507089883286342,0.507089883286342,0.507089883286342,14.507089883286337,0.507089883286342,0.507089883286342,0.5070898832863423,
0.5168233159624306,0.5168233159624306,0.5168233159624306,0.5168233159624306,0.5168233159624306,0.5168233159624306,0.5168233159624306,16.26048486675537,0.5168233159624306,0.5202964854549416,
2.175221604443469,0.5099814535855351,0.5071542847990965,0.542438902110715,0.507089883286342,0.5114521493563666,0.507089883286342,0.5070907559344865,0.5074893839607737,0.5070898832863423,
0.507089883286342,4.238317087766246,0.508250865130444,0.5134670204665446,0.5070932531965487,0.507089883286342,0.5070912161760791,0.5070907559344865,0.5074893839607737,0.5070898832863423,
0.507089883286342,0.507089883286342,0.507089883286342,0.507089883286342,0.507089883286342,0.507089883286342,14.446083576183234,0.5071070793014203,0.507165239655111,0.5070898832863423,
0.507089883286342,3.8591858755828534,0.5074237138080716,0.507089883286342,0.5070899224770608,0.5284972174977166,0.5674368714803945,0.5071250028601219,0.507089883286342,0.5070901553973423,
0.507089883286342,2.7214184261316188,0.5073104051492116,0.5074617376041601,0.507089883286342,1.0231534250122802,0.7081045623651693,0.507089883286342,0.507089883286342,0.5070898832863423,
0.507089883286342,0.507089883286342,0.507089883286342,7.877884495832211,0.507089883286342,0.5178208379805163,0.5127192146208006,0.5071104846918542,0.5075742085008796,0.5070898832863423,
2.179616579771428,0.507089883286342,0.5073251037421146,0.5080967082759719,0.507089883286342,0.5591392163343745,0.5247618880587528,0.507089883286342,0.507089883286342,0.5070898832863423,
1.872929472937011,0.5130959006112813,0.5079219939609395,0.507089883286342,0.5071432342358579,0.662448930445966,0.5764432497213935,0.507089883286342,0.507089883286342,0.5070945547335154,
1.9967398572220123,0.5090832915882909,0.5079708716791,0.5070902998334517,0.507089883286342,0.5916488284458894,0.5765659149101432,0.507089883286342,0.507089883286342,0.5070898832863423,
0.507089883286342,4.022716458155064,0.507089883286342,0.5426436290925344,0.507089883286342,0.5083319841238615,0.507089883286342,0.5070907497964944,0.5080979311959554,0.5071147420389371,
2.0068997787066305,0.5162859051550786,0.5080248075598663,0.5116163613616954,0.5074156973039204,0.507089883286342,0.5345918210027297,0.507089883286342,0.5071033030079772,0.8034076289787767,
2.197779167177563,0.514355712769415,0.5085810850191712,0.509286226512569,0.5071816069649706,0.507089883286342,0.5104566374330874,0.5071044408213458,0.5073188688973919,0.5149578780113596,
0.507089883286342,0.507089883286342,0.507089883286342,7.8828837776530385,0.507089883286342,0.5178281163093184,0.5127230327456139,0.5071104986648703,0.5074893839607737,0.5070898832863423,
0.507089883286342,3.5508858751746315,0.5073930106449694,0.5076010308691153,0.507090242844311,0.6145296674333132,0.5676050371835122,0.507089883286342,0.507089883286342,0.5070898832863423,
2.122080488610182,0.5077110887889862,0.5077991054375045,0.5076787735047249,0.507089883286342,0.5585110586407245,0.5188961026932994,0.507089883286342,0.507089883286342,0.5149578780113596,
2.020483387569541,0.5076720095039358,0.5079698604056107,0.5076431375601336,0.507089883286342,0.5553993714390192,0.5751022666674792,0.507089883286342,0.507089883286342,0.5149578780113596,
0.5179064162996836,0.5179064162996836,5.338121297496861,0.520171129685761,0.5245148028453008,0.5927771467103381,0.5179064162996836,0.5179064162996836,0.5185749936248526,0.5282195849038244,
2.204678580032251,0.5093742210078129,0.507089883286342,0.5427081522686935,0.507089883286342,0.5093895228671889,0.507089883286342,0.5070907559344865,0.5074893839607737,0.5070898832863423,
0.507089883286342,0.507089883286342,0.507089883286342,8.257268120203014,0.507089883286342,0.5083855351425473,0.507089883286342,0.5070907474414765,0.5085515713315736,0.5071297853871742,
0.5533522116837213,0.5533522116837213,4.6109640490904615,0.6049252026145292,0.5533522116837213,0.7052378388089964,0.556212619285157,0.5533522116837213,0.5533522116837213,0.6628093509608438,
0.507089883286342,3.724870860733905,0.5072896308175672,0.5111582255984715,0.507089883286342,0.6229394928595349,0.5104393765471569,0.507089883286342,0.507089883286342,0.5070898832863423,
0.5684172382282605,2.035285595448318,0.568663949880779,0.5687186970723955,0.5691524879916292,0.7638804897409806,1.5340521066348085,0.57099362251948,0.5689272383261877,1.851296769263005,
0.507089883286342,0.507089883286342,0.507089883286342,7.515447198768147,0.507089883286342,0.5548070798392915,0.5127230327456139,0.5071104986648703,0.5074893839607737,0.5070898832863423,
1.5448203342257756,0.5269931348697217,0.5133063542127484,0.5134647081220266,0.5130756006769087,0.5404236843761727,1.4097447558317548,0.5130756006769087,0.5130756006769087,0.513075600676909,
0.507089883286342,0.507089883286342,0.507089883286342,0.507089883286342,0.507089883286342,0.507089883286342,14.486534476227373,0.5071071292041824,0.507089883286342,0.5070898832863423,
0.5131508517573032,2.8421984292405678,0.513382798327363,0.5132586248965973,0.5131508517573032,0.5404725889857872,1.408956177915742,0.5131508517573032,0.5131508517573032,0.5131516106801753,
0.507089883286342,3.675198699911543,0.5075963575932044,0.5111175217071292,0.507089883286342,0.621780413913289,0.5127513914319201,0.507089883286342,0.507186103995918,0.5070898832863423,
0.507089883286342,3.5518103673747268,0.5073931027138464,0.507601186119978,0.507089883286342,0.6145296674333132,0.5676050371835122,0.507089883286342,0.507089883286342,0.5070898832863423,
0.5122740388770668,0.5122740388770668,0.5122740388770668,0.5122740388770668,9.976878397589875,0.5122740388770668,0.515110304873493,0.513301449332912,0.5129272710333752,0.5146398220513467,
0.5131642853567978,0.5131642853567978,0.5131642853567978,0.5131642853567978,0.5131642853567978,0.5131642853567978,0.5131642853567978,0.5131642853567978,0.5131642853567978,20.513164285356797,
2.2389489824638487,0.5130660399610031,0.5074475514257358,0.507089883286342,0.507089883286342,0.5196798196049977,0.5110086197610244,0.5071005688972641,0.507089883286342,0.5070913658815669,
0.507089883286342,3.550852493014575,0.5073930073204871,0.5076010252632172,0.5070902692794174,0.6145296674333132,0.5676050371835122,0.507089883286342,0.507089883286342,0.5070898832863423,
0.507089883286342,0.507089883286342,0.507089883286342,8.441134808134816,0.5070932531965487,0.507089883286342,0.5070912161760791,0.5070907559344865,0.5074893839607737,0.5070898832863423,
0.507089883286342,3.8087080815731804,0.5072948351114593,0.5113094154387318,0.507089883286342,0.5798867629941556,0.5127699637850718,0.507089883286342,0.507089883286342,0.5070898832863423,
0.6972116962491952,0.6972116962491952,0.6972116962491952,0.6972116962491952,0.6972116962491952,0.6972116962491952,10.74104024260589,0.6972132256223101,1.417670410938,0.6972246511301954,
0.6972116962491952,0.6972116962491952,0.6972116962491952,0.6972116962491952,0.6972116962491952,3.330545314557858,4.858180839560083,0.6973328450795654,0.819114831557847,0.6972246511301954,
0.6972116993992238,0.6972116993992238,0.6972116993992238,0.6972116993992238,0.6972116993992238,3.4419321804607597,5.034184861214456,0.6973701369489698,0.7532922085421442,0.6972182744017155,
1.1133727290518227,0.6972117986426236,0.697684662354694,0.6972116993992238,0.6972119388910488,0.6978256936780698,4.846397035937983,0.6972750844638178,0.8186305163373485,0.6974386211877708,
1.1453944193239212,0.7077309570785671,0.7069327494106866,0.7079833201308232,0.7067846778432644,0.7080053867078148,5.213130067825879,0.707114935656798,0.7067763303498397,0.7148393500958907,
0.6972116962491952,0.6972116962491952,0.6972116962491952,0.6972116962491952,0.6972116962491952,0.6972116962491952,13.027112058444903,0.6972848222910086,0.7904770975798185,0.7004080198747356,
0.7362212858410583,0.7362212858410583,0.7362212858410583,0.7362212858410583,8.035067533882291,0.7362266541456566,0.7895711737008573,0.9330003386140318,0.7425101620783924,0.7374150515848157,
1.3613824824915168,0.9255048095079362,0.9235451765756374,1.0445626600184927,0.9221737482745882,1.1151295627745597,1.7784699447435512,1.0721029011369871,0.9518269455446158,0.9581742997207707,
1.1054327501846388,0.6972117935991208,0.6985274837893176,0.6973823033636836,0.6972120031264827,0.7084813284244977,5.213448100887493,0.6972137273553333,0.7168781070590671,0.6972116962491955,
0.6972116993992238,0.6972116993992238,0.6972116993992238,0.6972116993992238,0.6972116993992238,3.701399692170216,5.217219195558501,0.6972823205538138,0.699934696762356,0.6972858417727187,
